자산번호,하위번호,자산명,일련번호,SA문서,GW문서,list,자산 클래스,자산 클래스명,수량,단위,사업영역,사업영역명,부서코드,부서명,취득일,감가상각키,내용년수,감가상각 시작일,매각/폐기일,구분,기초취득가액,기초상각누계액,기초장부가액,당기취득가액,당기처분가액,당기처분상각누계액,당기이관자산가액,당기이관상각누계액,처분금액,처분손익,당기상각비,기말취득가액,기말상각누계액,기말장부가액,01월,02월,03월,04월,05월,06월,07월,08월,09월,10월,11월,12월
3700026.0,0.0,20.08월 공통 재무팀 SAP ERP 구축비용(웅진),,,,2.0,3700.0,소프트웨어,0.0,,1000.0,패션공통,F00700,공통_회계팀,2021-05-01,FFNR,5.0,2021-05-01,,,742900000,-544793333,198106667,0,0,0,0,0,0,0,-148580000,742900000,-693373333,49526667,-12381667,-12381666,-12381667,-12381667,-12381666,-12381667,-12381667,-12381667,-12381666,-12381667,-12381667,-12381666.0
3700027.0,0.0,20.08월 공통 사업지원팀 RFID I/F 계약(WMS_모비어스앤밸류체인),,,,2.0,3700.0,소프트웨어,0.0,EA,1000.0,패션공통,F00000,공통_공통,2021-05-01,FFNR,5.0,2021-05-01,,,105000000,-77000000,28000000,0,0,0,0,0,0,0,-21000000,105000000,-98000000,7000000,-1750000,-1750000,-1750000,-1750000,-1750000,-1750000,-1750000,-1750000,-1750000,-1750000,-1750000,-1750000.0
3700028.0,0.0,공통 PM팀 New SCM 기본설계비(EY),,,,2.0,3700.0,소프트웨어,0.0,,1000.0,패션공통,F00000,공통_공통,2021-05-01,FFNR,5.0,2021-05-01,,,168300000,-123420000,44880000,0,0,0,0,0,0,0,-33660000,168300000,-157080000,11220000,-2805000,-2805000,-2805000,-2805000,-2805000,-2805000,-2805000,-2805000,-2805000,-2805000,-2805000,-2805000.0
3700029.0,0.0,M 해외사업팀 글로벌컨벤션 사이트 구축비용(아이뱅크),,,,3.0,3700.0,소프트웨어,0.0,,1000.0,패션공통,F04800,공통_해외사업팀,2021-05-01,FFNR,5.0,2021-05-01,,,98600000,-72306667,26293333,0,0,0,0,0,0,0,-19720000,98600000,-92026667,6573333,-1643333,-1643334,-1643333,-1643333,-1643334,-1643333,-1643333,-1643334,-1643333,-1643333,-1643333,-1643334.0
3700030.0,0.0,공통 재무팀 SAP ERP 기반 전표관리시스템 구축비용(넛지파트너스),,,,2.0,3700.0,소프트웨어,0.0,,1000.0,패션공통,F00700,공통_회계팀,2021-05-01,FFNR,5.0,2021-05-01,,,28333333,-20777778,7555555,0,0,0,0,0,0,0,-5666666,28333333,-26444444,1888889,-472222,-472222,-472223,-472222,-472222,-472222,-472222,-472223,-472222,-472222,-472222,-472222.0
3700031.0,0.0,공통 재무팀 SAC 사업계획 솔루션 구축,,,,2.0,3700.0,소프트웨어,0.0,,1000.0,패션공통,F00700,공통_회계팀,2021-05-01,FFNR,5.0,2021-05-01,,,108766666,-79762221,29004445,0,0,0,0,0,0,0,-21753334,108766666,-101515555,7251111,-1812778,-1812778,-1812777,-1812778,-1812778,-1812778,-1812778,-1812778,-1812777,-1812778,-1812778,-1812778.0
3700032.0,0.0,공통 DT팀 세일스포스 CRM 구축 Phase1_대유넥스티어,,,,3.0,3700.0,소프트웨어,0.0,,1000.0,패션공통,F01300,공통_IT팀,2021-05-01,0000,5.0,2021-05-01,2025-12-31,FS,187146440,-137240723,49905717,0,-187146440,137240723,0,0,0,-49905717,0,0,0,0,-3119107,-3119108,-3119107,-3119107,-3119108,15595537,0,0,0,0,0,0.0
3700034.0,0.0,SA 출장비관리 구축비_넛지파트너스,,,,2.0,3700.0,소프트웨어,0.0,,1000.0,패션공통,F00700,공통_회계팀,2021-05-01,FFNR,5.0,2021-05-01,,,8666666,-6355555,2311111,0,0,0,0,0,0,0,-1733333,8666666,-8088888,577778,-144444,-144445,-144444,-144445,-144444,-144445,-144444,-144445,-144444,-144444,-144445,-144444.0
3700035.0,0.0,20.10월 공통 경영기획팀 RFID S/W 구축,,,,2.0,3700.0,소프트웨어,0.0,,1000.0,패션공통,F00000,공통_공통,2021-05-01,FFNR,5.0,2021-05-01,,,265000000,-194333333,70666667,0,0,0,0,0,0,0,-53000000,265000000,-247333333,17666667,-4416667,-4416666,-4416667,-4416667,-4416666,-4416667,-4416667,-4416667,-4416666,-4416667,-4416667,-4416666.0
3700036.0,0.0,GSCM 프로젝트 기반 솔루션( IBM Sterling) 구매 계약,,,,2.0,3700.0,소프트웨어,0.0,,1000.0,패션공통,F01900,공통_Process팀,2021-05-01,FFNR,5.0,2021-05-01,,,123666667,-90688889,32977778,0,0,0,0,0,0,0,-24733334,123666667,-115422223,8244444,-2061111,-2061111,-2061111,-2061112,-2061111,-2061111,-2061111,-2061111,-2061111,-2061111,-2061111,-2061112.0
3700039.0,0.0,DT팀 세일즈포스 CRM CG Cloud(Phase2) 구축,,,,3.0,3700.0,소프트웨어,0.0,,1000.0,패션공통,F01300,공통_IT팀,2021-05-01,0000,5.0,2021-05-01,2025-12-31,FS,330733334,-242537779,88195555,0,-330733334,242537779,0,0,0,-88195555,0,0,0,0,-5512222,-5512222,-5512223,-5512222,-5512222,27561111,0,0,0,0,0,0.0
3700040.0,0.0,DT팀 세일즈포스 마케팅클라우드 구축(동국시스템즈),,,,2.0,3700.0,소프트웨어,0.0,,1000.0,패션공통,F01300,공통_IT팀,2021-05-01,FFNR,5.0,2021-05-01,,,90951666,-66697888,24253778,0,0,0,0,0,0,0,-18190334,90951666,-84888222,6063444,-1515861,-1515861,-1515861,-1515862,-1515861,-1515861,-1515861,-1515861,-1515861,-1515861,-1515861,-1515862.0
3700041.0,0.0,DT팀 세일즈포스 CRM 구축_1.5단계(대유넥스티어),,,,3.0,3700.0,소프트웨어,0.0,,1000.0,패션공통,F01300,공통_IT팀,2021-05-01,0000,5.0,2021-05-01,2025-12-31,FS,29517950,-21646497,7871453,0,-29517950,21646497,0,0,0,-7871453,0,0,0,0,-491966,-491966,-491965,-491966,-491966,2459829,0,0,0,0,0,0.0
3700043.0,0.0,공통 DT팀 Tibco License 구매,,,,2.0,3700.0,소프트웨어,0.0,,1000.0,패션공통,F01300,공통_IT팀,2021-05-01,FFNR,5.0,2021-05-01,,,122266667,-89662222,32604445,0,0,0,0,0,0,0,-24453334,122266667,-114115556,8151111,-2037778,-2037778,-2037777,-2037778,-2037778,-2037778,-2037778,-2037778,-2037777,-2037778,-2037778,-2037778.0
3700044.0,0.0,F&F 데이터 설계 및 품질 관리 시스템 구축(엔코아),,,,2.0,3700.0,소프트웨어,0.0,,1000.0,패션공통,F01300,공통_IT팀,2021-05-01,FFNR,5.0,2021-05-01,,,115453333,-84665778,30787555,0,0,0,0,0,0,0,-23090666,115453333,-107756444,7696889,-1924222,-1924222,-1924223,-1924222,-1924222,-1924222,-1924222,-1924223,-1924222,-1924222,-1924222,-1924222.0
3700045.0,0.0,공통 DT팀 구글어날리스틱 구축,,,,2.0,3700.0,소프트웨어,0.0,,1000.0,패션공통,F01300,공통_IT팀,2021-05-01,FFNR,5.0,2021-05-01,,,105328000,-77240533,28087467,0,0,0,0,0,0,0,-21065600,105328000,-98306133,7021867,-1755467,-1755466,-1755467,-1755467,-1755466,-1755467,-1755467,-1755467,-1755466,-1755467,-1755467,-1755466.0
3700046.0,0.0,공통 DT팀 EAI/ESB 시스템 구축계약,,,,2.0,3700.0,소프트웨어,0.0,,1000.0,패션공통,F01300,공통_IT팀,2021-05-01,FFNR,5.0,2021-05-01,,,34800000,-25520000,9280000,0,0,0,0,0,0,0,-6960000,34800000,-32480000,2320000,-580000,-580000,-580000,-580000,-580000,-580000,-580000,-580000,-580000,-580000,-580000,-580000.0
3700047.0,0.0,공통 DT팀 세일즈포스 Phase3 구축(대유넥스티어),,,,2.0,3700.0,소프트웨어,0.0,,1000.0,패션공통,F01300,공통_IT팀,2021-05-01,FFNR,5.0,2021-05-01,,,211972600,-155446573,56526027,0,0,0,0,0,0,0,-42394520,211972600,-197841093,14131507,-3532877,-3532876,-3532877,-3532877,-3532876,-3532877,-3532877,-3532877,-3532876,-3532877,-3532877,-3532876.0
3700048.0,0.0,공통 HR팀 채용토탈솔루션 구축(마이다스인),,,,2.0,3700.0,소프트웨어,0.0,,1000.0,패션공통,F00500,공통_HR팀,2021-05-01,FFNR,5.0,2021-05-01,,,34800000,-25520000,9280000,0,0,0,0,0,0,0,-6960000,34800000,-32480000,2320000,-580000,-580000,-580000,-580000,-580000,-580000,-580000,-580000,-580000,-580000,-580000,-580000.0
3700049.0,0.0,공통 Process팀 GSCM 구축 (이와이컨설팅),,,,2.0,3700.0,소프트웨어,0.0,,1000.0,패션공통,F01900,공통_Process팀,2021-05-01,FFNR,5.0,2021-05-01,,,1465166667,-1074455556,390711111,0,0,0,0,0,0,0,-293033333,1465166667,-1367488889,97677778,-24419444,-24419445,-24419444,-24419445,-24419444,-24419445,-24419444,-24419445,-24419444,-24419444,-24419445,-24419444.0
3700050.0,0.0,공통 DT팀 RFID 고객조회기능 추가 개발,,,,2.0,3700.0,소프트웨어,0.0,,1000.0,패션공통,F01300,공통_IT팀,2021-05-01,FFNR,5.0,2021-05-01,,,2458333,-1802778,655555,0,0,0,0,0,0,0,-491666,2458333,-2294444,163889,-40972,-40972,-40973,-40972,-40972,-40972,-40972,-40973,-40972,-40972,-40972,-40972.0
3700051.0,0.0,세일즈포스 CRM 아스템즈 EAI 통합 개발,,,,3.0,3700.0,소프트웨어,0.0,,1000.0,패션공통,F01300,공통_IT팀,2021-05-01,0000,5.0,2021-05-01,2025-12-31,FS,11800000,-8653333,3146667,0,-11800000,8653333,0,0,0,-3146667,0,0,0,0,-196667,-196666,-196667,-196667,-196666,983333,0,0,0,0,0,0.0
3700052.0,0.0,세일스포스 CRM 구축_Phase 3 추가 구매,,3000003824.0,보기,2.0,3700.0,소프트웨어,0.0,,1000.0,패션공통,F01300,공통_IT팀,2021-05-31,0000,5.0,2021-05-01,2025-12-31,FS,73094000,-53602267,19491733,0,-73094000,53602267,0,0,0,-19491733,0,0,0,0,-1218233,-1218234,-1218233,-1218233,-1218234,6091167,0,0,0,0,0,0.0
3700053.0,0.0,SCM 고도화 WMS 용역 연장 계약,,3400003889.0,보기,1.0,3700.0,소프트웨어,0.0,,1000.0,패션공통,F01900,공통_Process팀,2021-05-31,FFNR,5.0,2021-05-01,,,22000000,-16133333,5866667,0,0,0,0,0,0,0,-4400000,22000000,-20533333,1466667,-366667,-366666,-366667,-366667,-366666,-366667,-366667,-366667,-366666,-366667,-366667,-366666.0
3700055.0,0.0,SCM 고도화 및 WMS 구축,,9100164.0,,1.0,3700.0,소프트웨어,0.0,,1000.0,패션공통,F01900,공통_Process팀,2021-05-31,FFNR,5.0,2021-05-01,,,120000000,-88000000,32000000,0,0,0,0,0,0,0,-24000000,120000000,-112000000,8000000,-2000000,-2000000,-2000000,-2000000,-2000000,-2000000,-2000000,-2000000,-2000000,-2000000,-2000000,-2000000.0
3700056.0,0.0,F&F POS 결제 솔루션 개발비용,,,,1.0,3700.0,소프트웨어,0.0,,1000.0,패션공통,F01300,공통_IT팀,2021-05-31,FFNR,5.0,2021-05-01,,,50000000,-36666667,13333333,0,0,0,0,0,0,0,-10000000,50000000,-46666667,3333333,-833333,-833334,-833333,-833333,-833334,-833333,-833333,-833334,-833333,-833333,-833333,-833334.0
3700057.0,0.0,DX 글로벌몰 구축비용,,9100181.0,,1.0,3700.0,소프트웨어,0.0,,1000.0,패션공통,F01200,공통_e-BIZ팀,2021-06-30,FFNR,5.0,2021-06-01,,,15000000,-10750000,4250000,0,0,0,0,0,0,0,-3000000,15000000,-13750000,1250000,-250000,-250000,-250000,-250000,-250000,-250000,-250000,-250000,-250000,-250000,-250000,-250000.0
3700058.0,0.0,에프앤에프 개발 공통 Framework 솔루션 구매,,3400005379.0,보기,1.0,3700.0,소프트웨어,0.0,,1000.0,패션공통,F01900,공통_Process팀,2021-07-31,FFNR,5.0,2021-07-01,,,100000000,-70000000,30000000,0,0,0,0,0,0,0,-20000000,100000000,-90000000,10000000,-1666667,-1666666,-1666667,-1666667,-1666666,-1666667,-1666667,-1666666,-1666667,-1666667,-1666666,-1666667.0
3700059.0,0.0,에프앤에프 OEM Portal 구축 라이선스(emro SMARTpro외 5모듈) 구매,,3400005378.0,보기,1.0,3700.0,소프트웨어,0.0,,1000.0,패션공통,F01900,공통_Process팀,2021-07-31,FFNR,5.0,2021-07-01,,,200000000,-140000000,60000000,0,0,0,0,0,0,0,-40000000,200000000,-180000000,20000000,-3333333,-3333334,-3333333,-3333333,-3333334,-3333333,-3333333,-3333334,-3333333,-3333333,-3333334,-3333333.0
3700060.0,0.0,쟈르뎅페르뒤 임직원 연동 인터페이스 개발,,3400006313.0,보기,1.0,3700.0,소프트웨어,0.0,,1000.0,패션공통,F01300,공통_IT팀,2021-08-31,FFNR,5.0,2021-08-01,,,2500000,-1708333,791667,0,0,0,0,0,0,0,-500000,2500000,-2208333,291667,-41667,-41666,-41667,-41667,-41666,-41667,-41667,-41666,-41667,-41667,-41667,-41666.0
3700061.0,0.0,콜렉티드 POS 결제 솔루션 개발비용,,,,1.0,3700.0,소프트웨어,0.0,,1000.0,패션공통,F01300,공통_IT팀,2021-09-10,FFNR,5.0,2021-08-31,,,15000000,-10250000,4750000,0,0,0,0,0,0,0,-3000000,15000000,-13250000,1750000,-250000,-250000,-250000,-250000,-250000,-250000,-250000,-250000,-250000,-250000,-250000,-250000.0
3700062.0,0.0,공통 법무팀 E-LAW 시스템 구축,,,,1.0,3700.0,소프트웨어,0.0,,1000.0,패션공통,F00400,공통_법무팀,2021-08-31,FFNR,5.0,2021-08-01,,,38344256,-26201908,12142348,0,0,0,0,0,0,0,-7668851,38344256,-33870759,4473497,-639071,-639071,-639071,-639071,-639071,-639071,-639071,-639071,-639071,-639070,-639071,-639071.0
3700063.0,0.0,공통 Process팀 3PL RFID 제휴몰 반품 추가 SW 개발,,3400006398.0,보기,1.0,3700.0,소프트웨어,0.0,,1000.0,패션공통,F01900,공통_Process팀,2021-08-31,FFNR,5.0,2021-08-01,,,2000000,-1366667,633333,0,0,0,0,0,0,0,-400000,2000000,-1766667,233333,-33333,-33334,-33333,-33333,-33334,-33333,-33333,-33334,-33333,-33333,-33333,-33334.0
3700065.0,0.0,SAP 분석계 구축(웅진),,3700065.0,,1.0,3700.0,소프트웨어,0.0,,1000.0,패션공통,F01300,공통_IT팀,2021-09-30,FFNR,5.0,2021-09-01,,,193750000,-129166667,64583333,0,0,0,0,0,0,0,-38750000,193750000,-167916667,25833333,-3229167,-3229166,-3229167,-3229167,-3229166,-3229167,-3229167,-3229166,-3229167,-3229167,-3229166,-3229167.0
3700066.0,0.0,SAP 분석계 구축(루트엘),,3700066.0,,1.0,3700.0,소프트웨어,0.0,,1000.0,패션공통,F01300,공통_IT팀,2021-09-30,FFNR,5.0,2021-09-01,,,78000000,-52000000,26000000,0,0,0,0,0,0,0,-15600000,78000000,-67600000,10400000,-1300000,-1300000,-1300000,-1300000,-1300000,-1300000,-1300000,-1300000,-1300000,-1300000,-1300000,-1300000.0
3700067.0,0.0,인스타그램 데이터 수집 및 분석 시스템구축(옴니어스),,3700067.0,,1.0,3700.0,소프트웨어,0.0,,1000.0,패션공통,F01900,공통_Process팀,2021-09-30,FFNR,5.0,2021-09-01,,,90000000,-60000000,30000000,0,0,0,0,0,0,0,-18000000,90000000,-78000000,12000000,-1500000,-1500000,-1500000,-1500000,-1500000,-1500000,-1500000,-1500000,-1500000,-1500000,-1500000,-1500000.0
3700069.0,0.0,에프앤에프 그룹사 홈페이지 리뉴얼 구축,,3700069.0,,1.0,3700.0,소프트웨어,0.0,,1000.0,패션공통,F01300,공통_IT팀,2021-10-31,FFNR,5.0,2021-10-01,,,69000000,-44850000,24150000,0,0,0,0,0,0,0,-13800000,69000000,-58650000,10350000,-1150000,-1150000,-1150000,-1150000,-1150000,-1150000,-1150000,-1150000,-1150000,-1150000,-1150000,-1150000.0
3700070.0,0.0,에프앤에프 EAI Dashboard 구축,,3700070.0,,1.0,3700.0,소프트웨어,0.0,,1000.0,패션공통,F01300,공통_IT팀,2021-10-31,FFNR,5.0,2021-10-01,,,52000000,-33800000,18200000,0,0,0,0,0,0,0,-10400000,52000000,-44200000,7800000,-866667,-866666,-866667,-866667,-866666,-866667,-866667,-866666,-866667,-866667,-866666,-866667.0
3700071.0,0.0,RFID 완제품 검수 시스템 개발,,3400007885.0,보기,1.0,3700.0,소프트웨어,0.0,,1000.0,패션공통,F01900,공통_Process팀,2021-10-31,FFNR,5.0,2021-10-01,,,3300000,-2145000,1155000,0,0,0,0,0,0,0,-660000,3300000,-2805000,495000,-55000,-55000,-55000,-55000,-55000,-55000,-55000,-55000,-55000,-55000,-55000,-55000.0
3700072.0,0.0,인플루언서 관리 시스템 구축(루브릭랩스),,,,1.0,3700.0,소프트웨어,0.0,,1000.0,패션공통,F01900,공통_Process팀,2021-11-30,FFNR,5.0,2021-11-01,,,220000000,-139333333,80666667,0,0,0,0,0,0,0,-44000000,220000000,-183333333,36666667,-3666667,-3666666,-3666667,-3666667,-3666666,-3666667,-3666667,-3666666,-3666667,-3666667,-3666667,-3666666.0
3700073.0,0.0,신디지오 대시보드 제작(에스엠투넥트웍스),,,,1.0,3700.0,소프트웨어,0.0,,1000.0,패션공통,F01900,공통_Process팀,2021-11-30,FFNR,5.0,2021-11-01,,,20000000,-12666667,7333333,0,0,0,0,0,0,0,-4000000,20000000,-16666667,3333333,-333333,-333334,-333333,-333333,-333334,-333333,-333333,-333334,-333333,-333333,-333334,-333333.0
3700074.0,0.0,공통 Process팀 이커머스 백엔드 통합 개발,,9100214.0,,1.0,3700.0,소프트웨어,0.0,,1000.0,패션공통,F01900,공통_Process팀,2021-12-31,FFNR,5.0,2021-12-01,,,225000000,-138750000,86250000,0,0,0,0,0,0,0,-45000000,225000000,-183750000,41250000,-3750000,-3750000,-3750000,-3750000,-3750000,-3750000,-3750000,-3750000,-3750000,-3750000,-3750000,-3750000.0
3700075.0,0.0,공통 경영정보팀 POS 시스템 마일리지 사용 인증 기능 개발,,3400009247.0,보기,1.0,3700.0,소프트웨어,0.0,,1000.0,패션공통,F01300,공통_IT팀,2021-12-31,FFNR,5.0,2021-12-01,,,3000000,-1850000,1150000,0,0,0,0,0,0,0,-600000,3000000,-2450000,550000,-50000,-50000,-50000,-50000,-50000,-50000,-50000,-50000,-50000,-50000,-50000,-50000.0
3700076.0,0.0,"공통 Process팀 RFID 홀세일, 상설 유통점 프로그램 개발",,3400009250.0,보기,1.0,3700.0,소프트웨어,0.0,,1000.0,패션공통,F01900,공통_Process팀,2021-12-31,FFNR,5.0,2021-12-01,,,5800000,-3576667,2223333,0,0,0,0,0,0,0,-1160000,5800000,-4736667,1063333,-96667,-96666,-96667,-96667,-96666,-96667,-96667,-96666,-96667,-96667,-96666,-96667.0
3700077.0,0.0,F&F 중국법인 OMS 구축 라이센스 구매,,3400009418.0,보기,1.0,3700.0,소프트웨어,0.0,,1000.0,패션공통,F01900,공통_Process팀,2021-12-31,FFNR,5.0,2021-12-01,,,140000000,-86333333,53666667,0,0,0,0,0,0,0,-28000000,140000000,-114333333,25666667,-2333333,-2333334,-2333333,-2333333,-2333334,-2333333,-2333333,-2333334,-2333333,-2333333,-2333334,-2333333.0
3700078.0,0.0,공통 DT팀 G-SCM 2차 EAI IF 구축(퓨처젠),,3700078.0,,1.0,3700.0,소프트웨어,0.0,,1000.0,패션공통,F01300,공통_IT팀,2022-01-31,FFNR,5.0,2022-01-01,,,156000000,-93600000,62400000,0,0,0,0,0,0,0,-31200000,156000000,-124800000,31200000,-2600000,-2600000,-2600000,-2600000,-2600000,-2600000,-2600000,-2600000,-2600000,-2600000,-2600000,-2600000.0
3700079.0,0.0,공통 DT팀 Tibco EAI 운영비용(퓨처젠 씨플래닛),,,,1.0,3700.0,소프트웨어,0.0,,1000.0,패션공통,F01300,공통_IT팀,2022-02-28,FFNR,5.0,2022-02-01,,,184000000,-107333333,76666667,0,0,0,0,0,0,0,-36800000,184000000,-144133333,39866667,-3066667,-3066666,-3066667,-3066667,-3066666,-3066667,-3066667,-3066666,-3066667,-3066667,-3066666,-3066667.0
3700080.0,0.0,공통 DT팀 Tibco EAI 라이센스 유지보수비용,,3400001018.0,보기,1.0,3700.0,소프트웨어,0.0,,1000.0,패션공통,F01300,공통_IT팀,2022-02-28,FFNR,5.0,2022-02-01,,,21588800,-12593467,8995333,0,0,0,0,0,0,0,-4317760,21588800,-16911227,4677573,-359813,-359814,-359813,-359813,-359814,-359813,-359813,-359814,-359813,-359813,-359814,-359813.0
3700081.0,0.0,공통 Process팀 RFID 그룹PO 개발,,3400001378.0,보기,1.0,3700.0,소프트웨어,0.0,,1000.0,패션공통,F01900,공통_Process팀,2022-02-28,FFNR,5.0,2022-02-01,,,9000000,-5250000,3750000,0,0,0,0,0,0,0,-1800000,9000000,-7050000,1950000,-150000,-150000,-150000,-150000,-150000,-150000,-150000,-150000,-150000,-150000,-150000,-150000.0
3700082.0,0.0,공통 Process팀 RFID 매입반품&선출고확정 개발,,3400001396.0,,1.0,3700.0,소프트웨어,0.0,,1000.0,패션공통,F01900,공통_Process팀,2022-02-28,FFNR,5.0,2022-02-01,,,8200000,-4783333,3416667,0,0,0,0,0,0,0,-1640000,8200000,-6423333,1776667,-136667,-136666,-136667,-136667,-136666,-136667,-136667,-136666,-136667,-136667,-136666,-136667.0
3700084.0,0.0,공통 IT팀 내부회계 EC DB를 위한 접근제어(DBSAFER) 구축(에스오데이타),,3400002492.0,보기,1.0,3700.0,소프트웨어,0.0,,1000.0,패션공통,F01300,공통_IT팀,2022-03-31,FFNR,5.0,2022-03-01,,,18000000,-10200000,7800000,0,0,0,0,0,0,0,-3600000,18000000,-13800000,4200000,-300000,-300000,-300000,-300000,-300000,-300000,-300000,-300000,-300000,-300000,-300000,-300000.0
3700085.0,0.0,공통 Process팀 PLM 시스템 추가 개발 용역(로뎀시스템즈),,,,1.0,3700.0,소프트웨어,0.0,,1000.0,패션공통,F01900,공통_Process팀,2022-03-31,FFNR,5.0,2022-03-01,,,11900000,-6743333,5156667,0,0,0,0,0,0,0,-2380000,11900000,-9123333,2776667,-198333,-198334,-198333,-198333,-198334,-198333,-198333,-198334,-198333,-198333,-198334,-198333.0
3700086.0,0.0,인스타그램 해시태그 수집 구축(옴니어스),,,,1.0,3700.0,소프트웨어,0.0,,1000.0,패션공통,F01900,공통_Process팀,2022-03-31,FFNR,5.0,2022-03-01,,,9500000,-5383333,4116667,0,0,0,0,0,0,0,-1900000,9500000,-7283333,2216667,-158333,-158334,-158333,-158333,-158334,-158333,-158333,-158334,-158333,-158333,-158334,-158333.0
3700087.0,0.0,F&F HR 대시보드 개발(루브릭랩스),,,,1.0,3700.0,소프트웨어,0.0,,1000.0,패션공통,F01900,공통_Process팀,2022-04-30,FFNR,5.0,2022-04-01,,,50000000,-27500000,22500000,0,0,0,0,0,0,0,-10000000,50000000,-37500000,12500000,-833333,-833334,-833333,-833333,-833334,-833333,-833333,-833334,-833333,-833333,-833334,-833333.0
3700088.0,0.0,공통 프로세스팀 인스타그램 포스트 URL 데이터수집시스템 구축(옴니어스),,,,1.0,3700.0,소프트웨어,0.0,,1000.0,패션공통,F01900,공통_Process팀,2022-04-30,FFNR,5.0,2022-04-01,,,5800000,-3190000,2610000,0,0,0,0,0,0,0,-1160000,5800000,-4350000,1450000,-96667,-96666,-96667,-96667,-96666,-96667,-96667,-96666,-96667,-96667,-96666,-96667.0
3700089.0,0.0,공통 프로세스팀 인플루언서 관리 시스템 구축_추가1(루브릭랩스),,,,1.0,3700.0,소프트웨어,0.0,,1000.0,패션공통,F01900,공통_Process팀,2022-04-30,FFNR,5.0,2022-04-01,,,30000000,-16500000,13500000,0,0,0,0,0,0,0,-6000000,30000000,-22500000,7500000,-500000,-500000,-500000,-500000,-500000,-500000,-500000,-500000,-500000,-500000,-500000,-500000.0
3700090.0,0.0,모바일 POS 앱 개발(페이크럭스컴퍼니),,,,0.0,3700.0,소프트웨어,0.0,,1000.0,패션공통,F01300,공통_IT팀,2022-06-09,FFNR,5.0,2022-05-01,,,0,0,0,0,0,0,0,0,0,0,0,0,0,0,0,0,0,0,0,0,0,0,0,0,0,0.0
3700091.0,0.0,SAC 사업계획 솔루션 고도화(코너스톤인텔리전스),,,,1.0,3700.0,소프트웨어,0.0,,1000.0,패션공통,F00800,공통_경영관리팀,2022-05-31,FFNR,5.0,2022-05-01,,,60000000,-32000000,28000000,0,0,0,0,0,0,0,-12000000,60000000,-44000000,16000000,-1000000,-1000000,-1000000,-1000000,-1000000,-1000000,-1000000,-1000000,-1000000,-1000000,-1000000,-1000000.0
3700092.0,0.0,PLM 추가 시스템 개발(로뎀시스템즈),,,,1.0,3700.0,소프트웨어,0.0,,1000.0,패션공통,F01900,공통_Process팀,2022-05-31,FFNR,5.0,2022-05-01,,,8450000,-4506667,3943333,0,0,0,0,0,0,0,-1690000,8450000,-6196667,2253333,-140833,-140834,-140833,-140833,-140834,-140833,-140833,-140834,-140833,-140833,-140834,-140833.0
3700093.0,0.0,자사몰 디자인 / UX / UI 컨설팅(레귤러볼트),,,,0.0,3700.0,소프트웨어,0.0,,1000.0,패션공통,F01900,공통_Process팀,2022-05-31,FFNR,5.0,2022-05-01,,,0,0,0,0,0,0,0,0,0,0,0,0,0,0,0,0,0,0,0,0,0,0,0,0,0,0.0
3700094.0,0.0,인플루언서 관리 시스템 구축 2차 개발(루브릭랩스),,,,1.0,3700.0,소프트웨어,0.0,,1000.0,패션공통,F01900,공통_Process팀,2022-05-31,FFNR,5.0,2022-05-01,,,9900000,-5280000,4620000,0,0,0,0,0,0,0,-1980000,9900000,-7260000,2640000,-165000,-165000,-165000,-165000,-165000,-165000,-165000,-165000,-165000,-165000,-165000,-165000.0
3700095.0,0.0,모바일 POS 앱 개발(페이크럭스컴퍼니),,,,1.0,3700.0,소프트웨어,0.0,,1000.0,패션공통,F01300,공통_IT팀,2022-05-31,FFNR,5.0,2022-05-01,,,16500000,-8800000,7700000,0,0,0,0,0,0,0,-3300000,16500000,-12100000,4400000,-275000,-275000,-275000,-275000,-275000,-275000,-275000,-275000,-275000,-275000,-275000,-275000.0
3700096.0,0.0,인플루언서 관리시스템 추가개발(루브릭랩스),,,,1.0,3700.0,소프트웨어,0.0,,1000.0,패션공통,F01900,공통_Process팀,2022-06-30,FFNR,5.0,2022-06-01,,,9900000,-5115000,4785000,0,0,0,0,0,0,0,-1980000,9900000,-7095000,2805000,-165000,-165000,-165000,-165000,-165000,-165000,-165000,-165000,-165000,-165000,-165000,-165000.0
3700097.0,0.0,공통 Process팀 RFID 정품검증 개발,,3400007906.0,보기,1.0,3700.0,소프트웨어,0.0,,1000.0,패션공통,F01900,공통_Process팀,2022-09-30,FFNR,5.0,2022-09-01,,,6600000,-3080000,3520000,0,0,0,0,0,0,0,-1320000,6600000,-4400000,2200000,-110000,-110000,-110000,-110000,-110000,-110000,-110000,-110000,-110000,-110000,-110000,-110000.0
3700098.0,0.0,공통 Process팀 PLM 시스템 추가개발용역2차,,,,1.0,3700.0,소프트웨어,0.0,,1000.0,패션공통,F01900,공통_Process팀,2022-09-30,FFNR,5.0,2022-09-01,,,17880000,-8344000,9536000,0,0,0,0,0,0,0,-3576000,17880000,-11920000,5960000,-298000,-298000,-298000,-298000,-298000,-298000,-298000,-298000,-298000,-298000,-298000,-298000.0
3700100.0,0.0,공통 Process팀 인플루언서 시스템 추가 개발(루브릭랩스),,3700100.0,,1.0,3700.0,소프트웨어,0.0,,1000.0,패션공통,F01900,공통_Process팀,2022-12-31,FFNR,5.0,2022-12-01,,,40000000,-16666667,23333333,0,0,0,0,0,0,0,-8000000,40000000,-24666667,15333333,-666667,-666666,-666667,-666667,-666666,-666667,-666667,-666666,-666667,-666667,-666666,-666667.0
3700101.0,0.0,듀베티카 자사몰 카페 24 디자인 개발,,9100271.0,,1.0,3700.0,소프트웨어,0.0,,1000.0,패션공통,F01900,공통_Process팀,2023-01-31,FFNR,5.0,2023-01-01,,,18000000,-7200000,10800000,0,0,0,0,0,0,0,-3600000,18000000,-10800000,7200000,-300000,-300000,-300000,-300000,-300000,-300000,-300000,-300000,-300000,-300000,-300000,-300000.0
3700102.0,0.0,공통 프로세스팀 PLM 시스템 추가 개발용역(3차),,9100277.0,,1.0,3700.0,소프트웨어,0.0,,1000.0,패션공통,F01900,공통_Process팀,2023-02-28,FFNR,5.0,2023-02-01,,,39150000,-15007500,24142500,0,0,0,0,0,0,0,-7830000,39150000,-22837500,16312500,-652500,-652500,-652500,-652500,-652500,-652500,-652500,-652500,-652500,-652500,-652500,-652500.0
3700103.0,0.0,공통 프로세스팀 수입시스템 구축(RFID PDA 개발) 기술용역,,,,1.0,3700.0,소프트웨어,0.0,,1000.0,패션공통,F01900,공통_Process팀,2023-05-31,FFNR,5.0,2023-05-01,,,90000000,-30000000,60000000,0,0,0,0,0,0,0,-18000000,90000000,-48000000,42000000,-1500000,-1500000,-1500000,-1500000,-1500000,-1500000,-1500000,-1500000,-1500000,-1500000,-1500000,-1500000.0
3700104.0,0.0,공통 HR팀 대시보드 추가개발(루브릭랩스),,,,1.0,3700.0,소프트웨어,0.0,,1000.0,패션공통,F00500,공통_HR팀,2023-02-28,FFNR,5.0,2023-02-01,,,12000000,-4600000,7400000,0,0,0,0,0,0,0,-2400000,12000000,-7000000,5000000,-200000,-200000,-200000,-200000,-200000,-200000,-200000,-200000,-200000,-200000,-200000,-200000.0
3700105.0,0.0,공통 프로세스팀 전사 R&R 프로젝트 컨설팅 계약(아이앤에프컨설팅),,,,1.0,3700.0,소프트웨어,0.0,,1000.0,패션공통,F01900,공통_Process팀,2023-02-28,FFNR,5.0,2023-02-01,,,260000000,-99666667,160333333,0,0,0,0,0,0,0,-52000000,260000000,-151666667,108333333,-4333333,-4333334,-4333333,-4333333,-4333334,-4333333,-4333333,-4333334,-4333333,-4333333,-4333334,-4333333.0
3700106.0,0.0,공통 IT팀 Tibco EAI License MA 솔루션 계약,,3400001766.0,보기,1.0,3700.0,소프트웨어,0.0,,1000.0,패션공통,F01300,공통_IT팀,2023-02-28,FFNR,5.0,2023-02-01,,,22236450,-8523973,13712477,0,0,0,0,0,0,0,-4447290,22236450,-12971263,9265187,-370607,-370608,-370607,-370608,-370607,-370608,-370607,-370608,-370607,-370608,-370607,-370608.0
3700107.0,0.0,SA/DV/SP 이커머스 디자인 컨설팅 및 리뉴얼,,,,1.0,3700.0,소프트웨어,0.0,,1000.0,패션공통,F01900,공통_Process팀,2023-03-31,FFNR,5.0,2023-03-01,,,469000000,-171966667,297033333,0,0,0,0,0,0,0,-93800000,469000000,-265766667,203233333,-7816667,-7816666,-7816667,-7816667,-7816666,-7816667,-7816667,-7816666,-7816667,-7816667,-7816666,-7816667.0
3700108.0,0.0,에프앤에프 PDA 개발 기술용역비용(유성소프트),,3400001282.0,,1.0,3700.0,소프트웨어,0.0,,1000.0,패션공통,F01900,공통_Process팀,2023-03-31,FFNR,5.0,2023-03-01,,,10600000,-3886667,6713333,0,0,0,0,0,0,0,-2120000,10600000,-6006667,4593333,-176667,-176666,-176667,-176667,-176666,-176667,-176667,-176666,-176667,-176667,-176666,-176667.0
3700109.0,0.0,네트워크 접근제어 솔루션(NAC) 도입 구축,,3400003757.0,,1.0,3700.0,소프트웨어,0.0,,1000.0,패션공통,F02600,공통_정보보안팀,2023-04-30,FFNR,5.0,2023-04-01,,,153400000,-53690000,99710000,0,0,0,0,0,0,0,-30680000,153400000,-84370000,69030000,-2556667,-2556666,-2556667,-2556667,-2556666,-2556667,-2556667,-2556666,-2556667,-2556667,-2556666,-2556667.0
3700110.0,0.0,데이터유출방지솔루션(DLP) 도입 구축,,3400003758.0,보기,1.0,3700.0,소프트웨어,0.0,,1000.0,패션공통,F02600,공통_정보보안팀,2023-04-30,FFNR,5.0,2023-04-01,,,136000000,-47600000,88400000,0,0,0,0,0,0,0,-27200000,136000000,-74800000,61200000,-2266667,-2266666,-2266667,-2266667,-2266666,-2266667,-2266667,-2266666,-2266667,-2266667,-2266666,-2266667.0
3700111.0,0.0,세르지오 타키니 자사몰 구축(오감코퍼레이션),,9100285.0,,1.0,3700.0,소프트웨어,0.0,,1000.0,패션공통,F01900,공통_Process팀,2023-04-30,FFNR,5.0,2023-04-01,,,76760000,-26866000,49894000,0,0,0,0,0,0,0,-15352000,76760000,-42218000,34542000,-1279333,-1279334,-1279333,-1279333,-1279334,-1279333,-1279333,-1279334,-1279333,-1279333,-1279334,-1279333.0
3700112.0,0.0,F&F CMS 구축 자문(삼정회계법인),,,,1.0,3700.0,소프트웨어,0.0,,1000.0,패션공통,F01900,공통_Process팀,2023-04-30,FFNR,5.0,2023-04-01,,,182900000,-64015000,118885000,0,0,0,0,0,0,0,-36580000,182900000,-100595000,82305000,-3048333,-3048334,-3048333,-3048333,-3048334,-3048333,-3048333,-3048334,-3048333,-3048333,-3048334,-3048333.0
3700114.0,0.0,인플루언서 시스템 추가 개발(루브릭랩스),,,,1.0,3700.0,소프트웨어,0.0,,1000.0,패션공통,F01900,공통_Process팀,2023-05-31,FFNR,5.0,2023-05-01,,,20000000,-6666667,13333333,0,0,0,0,0,0,0,-4000000,20000000,-10666667,9333333,-333333,-333334,-333333,-333333,-333334,-333333,-333333,-333334,-333333,-333333,-333334,-333333.0
3700116.0,0.0,공통 정보보안팀 망연계 솔루션 도입(메가존클라우드),,3400007437.0,보기,1.0,3700.0,소프트웨어,0.0,,1000.0,패션공통,F02600,공통_정보보안팀,2023-08-31,FFNR,5.0,2023-08-01,,,23730000,-6723500,17006500,0,0,0,0,0,0,0,-4746000,23730000,-11469500,12260500,-395500,-395500,-395500,-395500,-395500,-395500,-395500,-395500,-395500,-395500,-395500,-395500.0
3700117.0,0.0,HR DT 프로젝트 컨설팅 계약(INF),,9100305.0,,2.0,3700.0,소프트웨어,0.0,,1000.0,패션공통,F00500,공통_HR팀,2023-08-31,FFNR,5.0,2023-08-01,2025-01-31,FS,395000000,-111916667,283083333,0,-395000000,118500000,0,0,0,-276500000,-6583333,0,0,0,-6583333,0,0,0,0,0,0,0,0,0,0,0.0
3700118.0,0.0,공통 프로세스팀 GOMS PDA 소프트웨어 개발,,,,1.0,3700.0,소프트웨어,0.0,,1000.0,패션공통,F01900,공통_Process팀,2023-08-31,FFNR,5.0,2023-08-01,,,5000000,-1416667,3583333,0,0,0,0,0,0,0,-1000000,5000000,-2416667,2583333,-83333,-83334,-83333,-83333,-83334,-83333,-83333,-83334,-83333,-83333,-83334,-83333.0
3700119.0,0.0,공통 HR팀 대시보드 추가개발,,,,1.0,3700.0,소프트웨어,0.0,,1000.0,패션공통,F00500,공통_HR팀,2023-08-31,FFNR,5.0,2023-08-01,,,18000000,-5100000,12900000,0,0,0,0,0,0,0,-3600000,18000000,-8700000,9300000,-300000,-300000,-300000,-300000,-300000,-300000,-300000,-300000,-300000,-300000,-300000,-300000.0
3700120.0,0.0,자사몰 검색솔루션 공급(NHN 다이퀘스트),,,,1.0,3700.0,소프트웨어,0.0,,1000.0,패션공통,F01300,공통_IT팀,2023-09-30,FFNR,5.0,2023-09-01,,,54000000,-14400000,39600000,0,0,0,0,0,0,0,-10800000,54000000,-25200000,28800000,-900000,-900000,-900000,-900000,-900000,-900000,-900000,-900000,-900000,-900000,-900000,-900000.0
3700121.0,0.0,자사몰 검색솔루션 추가 공급(NHN 다이퀘스트),,,,1.0,3700.0,소프트웨어,0.0,,1000.0,패션공통,F01300,공통_IT팀,2023-09-30,FFNR,5.0,2023-09-01,,,12000000,-3200000,8800000,0,0,0,0,0,0,0,-2400000,12000000,-5600000,6400000,-200000,-200000,-200000,-200000,-200000,-200000,-200000,-200000,-200000,-200000,-200000,-200000.0
3700122.0,0.0,생성형 AI 언어모델 PoC 계약(셀렉트스타),,,,1.0,3700.0,소프트웨어,0.0,,1000.0,패션공통,F03000,공통_AI 엔지니어링팀,2023-10-31,FFNR,5.0,2023-10-01,,,10000000,-2500000,7500000,0,0,0,0,0,0,0,-2000000,10000000,-4500000,5500000,-166667,-166666,-166667,-166667,-166666,-166667,-166667,-166666,-166667,-166667,-166666,-166667.0
3700123.0,0.0,공통 재무팀 연결회계결산시스템 구축,,,,1.0,3700.0,소프트웨어,0.0,,1000.0,패션공통,F00700,공통_회계팀,2023-10-31,FFNR,5.0,2023-10-01,,,184000000,-46000000,138000000,0,0,0,0,0,0,0,-36800000,184000000,-82800000,101200000,-3066667,-3066666,-3066667,-3066667,-3066666,-3066667,-3066667,-3066666,-3066667,-3066667,-3066666,-3066667.0
3700124.0,0.0,공통 프로세스팀 글로벌 SCM 2단계 구축,,,,1.0,3700.0,소프트웨어,0.0,,1000.0,패션공통,F01900,공통_Process팀,2023-10-31,FFNR,5.0,2023-10-01,,,7084000000,-1771000000,5313000000,0,0,0,0,0,0,0,-1416800000,7084000000,-3187800000,3896200000,-118066667,-118066666,-118066667,-118066667,-118066666,-118066667,-118066667,-118066666,-118066667,-118066667,-118066666,-118066667.0
3700125.0,0.0,PLM 시스템 IF 개선 기술 용역(로뎀시스템즈),,,,1.0,3700.0,소프트웨어,0.0,,1000.0,패션공통,F03200,공통_PI팀,2023-10-31,FFNR,5.0,2023-10-01,,,41160000,-10290000,30870000,0,0,0,0,0,0,0,-8232000,41160000,-18522000,22638000,-686000,-686000,-686000,-686000,-686000,-686000,-686000,-686000,-686000,-686000,-686000,-686000.0
3700126.0,0.0,정보보호관리체계 인증심사 결함 조치에 따른 방화벽 교체(씨엠티정보통신),,,,1.0,3700.0,소프트웨어,0.0,,1000.0,패션공통,F02600,공통_정보보안팀,2023-10-31,FFNR,5.0,2023-10-01,,,77898000,-19474500,58423500,0,0,0,0,0,0,0,-15579600,77898000,-35054100,42843900,-1298300,-1298300,-1298300,-1298300,-1298300,-1298300,-1298300,-1298300,-1298300,-1298300,-1298300,-1298300.0
3700127.0,0.0,마케팅통합시스템 구축 프로젝트(이와이컨설팅),,,,1.0,3700.0,소프트웨어,0.0,,1000.0,패션공통,F01900,공통_Process팀,2023-11-30,FFNR,5.0,2023-11-01,,,1280000000,-298666667,981333333,0,0,0,0,0,0,0,-256000000,1280000000,-554666667,725333333,-21333333,-21333334,-21333333,-21333333,-21333334,-21333333,-21333333,-21333334,-21333333,-21333333,-21333334,-21333333.0
3700128.0,0.0,스노우플레이크 데이터웨어하우스 이전 및 데이터파이프라인 구축,,,,1.0,3700.0,소프트웨어,0.0,,1000.0,패션공통,F01900,공통_Process팀,2023-11-30,FFNR,5.0,2023-11-01,,,140000000,-32666667,107333333,0,0,0,0,0,0,0,-28000000,140000000,-60666667,79333333,-2333333,-2333334,-2333333,-2333333,-2333334,-2333333,-2333333,-2333334,-2333333,-2333333,-2333334,-2333333.0
3700129.0,0.0,SP TD CAD 프로그램 구입대,,3400010853.0,보기,2.0,3700.0,소프트웨어,0.0,,1000.0,패션공통,F04500,공통_통합소싱팀,2023-11-30,FFNR,5.0,2023-11-01,,,7274600,-1697407,5577193,0,0,0,0,0,0,0,-1454920,7274600,-3152327,4122273,-121243,-121244,-121243,-121243,-121244,-121243,-121243,-121244,-121243,-121243,-121244,-121243.0
3700130.0,0.0,공통 IT팀 회원관리플랫폼 개발 프로젝트 엔지니어 용역(달라이즈),,,,1.0,3700.0,소프트웨어,0.0,,1000.0,패션공통,F01300,공통_IT팀,2023-11-30,FFNR,5.0,2023-11-01,,,62541960,-14593124,47948836,0,0,0,0,0,0,0,-12508392,62541960,-27101516,35440444,-1042366,-1042366,-1042366,-1042366,-1042366,-1042366,-1042366,-1042366,-1042366,-1042366,-1042366,-1042366.0
3700131.0,0.0,SAP DB 암호화 솔루션 설치 및 구축비용,,3400012578.0,,1.0,3700.0,소프트웨어,0.0,,1000.0,패션공통,F01300,공통_IT팀,2023-12-31,FFNR,5.0,2023-12-01,,,120000000,-26000000,94000000,0,0,0,0,0,0,0,-24000000,120000000,-50000000,70000000,-2000000,-2000000,-2000000,-2000000,-2000000,-2000000,-2000000,-2000000,-2000000,-2000000,-2000000,-2000000.0
3700132.0,0.0,신규 유통 ERP 구축에 따른 RFID 인터페이스 수정개발,,,,1.0,3700.0,소프트웨어,0.0,,1000.0,패션공통,F03200,공통_PI팀,2023-12-31,FFNR,5.0,2023-12-01,,,26700000,-5785000,20915000,0,0,0,0,0,0,0,-5340000,26700000,-11125000,15575000,-445000,-445000,-445000,-445000,-445000,-445000,-445000,-445000,-445000,-445000,-445000,-445000.0
3700133.0,0.0,인플루언서시스템 정보보안관리체계(ISMS) 추가 개발,,,,1.0,3700.0,소프트웨어,0.0,,1000.0,패션공통,F02900,공통_AX팀,2023-12-31,FFNR,5.0,2023-12-01,,,40000000,-8666667,31333333,0,0,0,0,0,0,0,-8000000,40000000,-16666667,23333333,-666667,-666666,-666667,-666667,-666666,-666667,-666667,-666666,-666667,-666667,-666666,-666667.0
3700134.0,0.0,생성형 AI 서비스 Varco Art PoC 구축비용,,,,1.0,3700.0,소프트웨어,0.0,,1000.0,패션공통,F02900,공통_AX팀,2024-01-31,FFNR,5.0,2024-01-01,,,100000000,-20000000,80000000,0,0,0,0,0,0,0,-20000000,100000000,-40000000,60000000,-1666667,-1666666,-1666667,-1666667,-1666666,-1666667,-1666667,-1666666,-1666667,-1666667,-1666666,-1666667.0
3700135.0,0.0,엑셈 맥스게이지 DB 모니터링 솔루션 16 OCPU 구입(32 vCPU),,3400000911.0,보기,1.0,3700.0,소프트웨어,32.0,EA,1000.0,패션공통,F01300,공통_IT팀,2024-02-29,FFNR,5.0,2024-02-01,,,48000000,-8800000,39200000,0,0,0,0,0,0,0,-9600000,48000000,-18400000,29600000,-800000,-800000,-800000,-800000,-800000,-800000,-800000,-800000,-800000,-800000,-800000,-800000.0
3700136.0,0.0,자사몰 리뉴얼 구축 2안 프론트 개발 사전 분석,,,,1.0,3700.0,소프트웨어,0.0,,1000.0,패션공통,F01300,공통_IT팀,2024-02-29,FFNR,5.0,2024-02-01,,,308900000,-56631667,252268333,0,0,0,0,0,0,0,-61780000,308900000,-118411667,190488333,-5148333,-5148334,-5148333,-5148333,-5148334,-5148333,-5148333,-5148334,-5148333,-5148333,-5148334,-5148333.0
3700137.0,0.0,이미지 AI 제품 태깅 솔루션 구축,,,,1.0,3700.0,소프트웨어,0.0,,1000.0,패션공통,F01900,공통_Process팀,2024-02-29,FFNR,5.0,2024-02-01,,,76900000,-14098333,62801667,0,0,0,0,0,0,0,-15380000,76900000,-29478333,47421667,-1281667,-1281666,-1281667,-1281667,-1281666,-1281667,-1281667,-1281666,-1281667,-1281667,-1281666,-1281667.0
3700138.0,0.0,스노우플레이크 데이터 파이프라인 소프트웨어 구입,,,,1.0,3700.0,소프트웨어,0.0,,1000.0,패션공통,F03000,공통_AI 엔지니어링팀,2024-02-29,FFNR,5.0,2024-02-01,,,30000000,-5500000,24500000,0,0,0,0,0,0,0,-6000000,30000000,-11500000,18500000,-500000,-500000,-500000,-500000,-500000,-500000,-500000,-500000,-500000,-500000,-500000,-500000.0
3700139.0,0.0,인플루언서시스템 DB접근제어 라이선스,,3400003226.0,보기,1.0,3700.0,소프트웨어,2.0,EA,1000.0,패션공통,F02600,공통_정보보안팀,2024-03-31,FFNR,5.0,2024-03-01,,,4500000,-750000,3750000,0,0,0,0,0,0,0,-900000,4500000,-1650000,2850000,-75000,-75000,-75000,-75000,-75000,-75000,-75000,-75000,-75000,-75000,-75000,-75000.0
3700140.0,0.0,연결회계시스템 DB접근제어 라이선스,,3400003227.0,보기,1.0,3700.0,소프트웨어,2.0,EA,1000.0,패션공통,F02600,공통_정보보안팀,2024-03-31,FFNR,5.0,2024-03-01,,,3000000,-500000,2500000,0,0,0,0,0,0,0,-600000,3000000,-1100000,1900000,-50000,-50000,-50000,-50000,-50000,-50000,-50000,-50000,-50000,-50000,-50000,-50000.0
3700141.0,0.0,F&F 자사몰 리뉴얼 프로젝트 PlanB 프론트 디자인 수정보완,,,,1.0,3700.0,소프트웨어,0.0,,1000.0,패션공통,F01300,공통_IT팀,2024-02-29,FFNR,5.0,2024-02-01,,,176000000,-32266667,143733333,0,0,0,0,0,0,0,-35200000,176000000,-67466667,108533333,-2933333,-2933334,-2933333,-2933333,-2933334,-2933333,-2933333,-2933334,-2933333,-2933333,-2933334,-2933333.0
3700142.0,0.0,자사몰 리뉴얼 구축 2안 QA 용역비 지급,,,,1.0,3700.0,소프트웨어,0.0,,1000.0,패션공통,F01300,공통_IT팀,2024-02-29,FFNR,5.0,2024-02-01,,,224970000,-41244500,183725500,0,0,0,0,0,0,0,-44994000,224970000,-86238500,138731500,-3749500,-3749500,-3749500,-3749500,-3749500,-3749500,-3749500,-3749500,-3749500,-3749500,-3749500,-3749500.0
3700143.0,0.0,자사몰 리뉴얼 구축 2안 백앤드 개발 용역비,,,,1.0,3700.0,소프트웨어,0.0,,1000.0,패션공통,F01300,공통_IT팀,2024-02-29,FFNR,5.0,2024-02-01,,,72528000,-13296800,59231200,0,0,0,0,0,0,0,-14505600,72528000,-27802400,44725600,-1208800,-1208800,-1208800,-1208800,-1208800,-1208800,-1208800,-1208800,-1208800,-1208800,-1208800,-1208800.0
3700144.0,0.0,차세대 자사몰 Plan B 프리랜서 용역비,,,,1.0,3700.0,소프트웨어,0.0,,1000.0,패션공통,F01300,공통_IT팀,2024-02-29,FFNR,5.0,2024-02-01,,,95000000,-17416667,77583333,0,0,0,0,0,0,0,-19000000,95000000,-36416667,58583333,-1583333,-1583334,-1583333,-1583333,-1583334,-1583333,-1583333,-1583334,-1583333,-1583333,-1583334,-1583333.0
3700145.0,0.0,자사몰 리뉴얼 구축 2안 Backend 개발,,,,1.0,3700.0,소프트웨어,0.0,,1000.0,패션공통,F01300,공통_IT팀,2024-02-29,FFNR,5.0,2024-02-01,,,76000000,-13933333,62066667,0,0,0,0,0,0,0,-15200000,76000000,-29133333,46866667,-1266667,-1266666,-1266667,-1266667,-1266666,-1266667,-1266667,-1266666,-1266667,-1266667,-1266666,-1266667.0
3700146.0,0.0,자사몰 리뉴얼 구축 2안 (BO 고도화 개발),,,,2.0,3700.0,소프트웨어,0.0,,1000.0,패션공통,F01300,공통_IT팀,2024-02-29,FFNR,5.0,2024-02-01,,,629060000,-115327667,513732333,0,0,0,0,0,0,0,-125812000,629060000,-241139667,387920333,-10484333,-10484334,-10484333,-10484333,-10484334,-10484333,-10484333,-10484334,-10484333,-10484333,-10484334,-10484333.0
3700148.0,0.0,자사몰 리뉴얼 프로젝트 Plan B 프론트엔드 개발,,,,1.0,3700.0,소프트웨어,0.0,,1000.0,패션공통,F01300,공통_IT팀,2024-02-29,FFNR,5.0,2024-02-01,,,105400000,-19323333,86076667,0,0,0,0,0,0,0,-21080000,105400000,-40403333,64996667,-1756667,-1756666,-1756667,-1756667,-1756666,-1756667,-1756667,-1756666,-1756667,-1756667,-1756666,-1756667.0
3700149.0,0.0,자사몰 리뉴얼 구축 2안 백앤드 개발 용역비,,,,1.0,3700.0,소프트웨어,0.0,,1000.0,패션공통,F01300,공통_IT팀,2024-02-29,FFNR,5.0,2024-02-01,,,24900000,-4565000,20335000,0,0,0,0,0,0,0,-4980000,24900000,-9545000,15355000,-415000,-415000,-415000,-415000,-415000,-415000,-415000,-415000,-415000,-415000,-415000,-415000.0
3700150.0,0.0,자사몰 리뉴얼 구축 2안 프론트엔드 개발 용역비,,,,1.0,3700.0,소프트웨어,0.0,,1000.0,패션공통,F01300,공통_IT팀,2024-02-29,FFNR,5.0,2024-02-01,,,21000000,-3850000,17150000,0,0,0,0,0,0,0,-4200000,21000000,-8050000,12950000,-350000,-350000,-350000,-350000,-350000,-350000,-350000,-350000,-350000,-350000,-350000,-350000.0
3700151.0,0.0,자사몰 리뉴얼 구축 2안 백앤드 개발 용역비,,,,1.0,3700.0,소프트웨어,0.0,,1000.0,패션공통,F01300,공통_IT팀,2024-02-29,FFNR,5.0,2024-02-01,,,15000000,-2750000,12250000,0,0,0,0,0,0,0,-3000000,15000000,-5750000,9250000,-250000,-250000,-250000,-250000,-250000,-250000,-250000,-250000,-250000,-250000,-250000,-250000.0
3700152.0,0.0,자사몰 리뉴얼 프로젝트 Plan B 백엔드 개발,,,,1.0,3700.0,소프트웨어,0.0,,1000.0,패션공통,F01300,공통_IT팀,2024-02-29,FFNR,5.0,2024-02-01,,,20000000,-3666667,16333333,0,0,0,0,0,0,0,-4000000,20000000,-7666667,12333333,-333333,-333334,-333333,-333333,-333334,-333333,-333333,-333334,-333333,-333333,-333334,-333333.0
3700153.0,0.0,FNF 인트라넷 리뉴얼 디자인,,,,1.0,3700.0,소프트웨어,0.0,,1000.0,패션공통,F01300,공통_IT팀,2024-01-31,FFNR,5.0,2024-01-01,,,113000000,-22600000,90400000,0,0,0,0,0,0,0,-22600000,113000000,-45200000,67800000,-1883333,-1883334,-1883333,-1883333,-1883334,-1883333,-1883333,-1883334,-1883333,-1883333,-1883334,-1883333.0
3700154.0,0.0,VMWare 소프트웨어 구매,,3300031490.0,보기,1.0,3700.0,소프트웨어,2.0,EA,1000.0,패션공통,F02600,공통_정보보안팀,2024-04-30,FFNR,5.0,2024-04-01,,,613129,-91969,521160,0,0,0,0,0,0,0,-122626,613129,-214595,398534,-10219,-10219,-10218,-10219,-10219,-10219,-10219,-10219,-10218,-10219,-10219,-10219.0
3700155.0,0.0,DB접근제어(CN OMS) 라이선스,,3400004838.0,보기,1.0,3700.0,소프트웨어,2.0,EA,1000.0,패션공통,F02600,공통_정보보안팀,2024-04-30,FFNR,5.0,2024-04-01,,,3000000,-450000,2550000,0,0,0,0,0,0,0,-600000,3000000,-1050000,1950000,-50000,-50000,-50000,-50000,-50000,-50000,-50000,-50000,-50000,-50000,-50000,-50000.0
3700156.0,0.0,GSCM 3차 용역계약,,,,1.0,3700.0,소프트웨어,0.0,,1000.0,패션공통,F01900,공통_Process팀,2024-06-30,FFNR,5.0,2024-06-01,,,1154000000,-134633333,1019366667,0,0,0,0,0,0,0,-230800000,1154000000,-365433333,788566667,-19233333,-19233334,-19233333,-19233333,-19233334,-19233333,-19233333,-19233334,-19233333,-19233333,-19233334,-19233333.0
3700157.0,0.0,GSCM 3차 자문계약,,,,1.0,3700.0,소프트웨어,0.0,,1000.0,패션공통,F01900,공통_Process팀,2024-06-30,FFNR,5.0,2024-06-01,,,1290000000,-150500000,1139500000,0,0,0,0,0,0,0,-258000000,1290000000,-408500000,881500000,-21500000,-21500000,-21500000,-21500000,-21500000,-21500000,-21500000,-21500000,-21500000,-21500000,-21500000,-21500000.0
3700158.0,0.0,F&F GSCM 자사몰(3단계) UI/UX 디자인&스토리보드,,,,1.0,3700.0,소프트웨어,0.0,,1000.0,패션공통,F01900,공통_Process팀,2024-06-30,FFNR,5.0,2024-06-01,,,620000000,-72333333,547666667,0,0,0,0,0,0,0,-124000000,620000000,-196333333,423666667,-10333333,-10333334,-10333333,-10333333,-10333334,-10333333,-10333333,-10333334,-10333333,-10333333,-10333334,-10333333.0
3700159.0,0.0,자사몰디자인 / UX / UI 컨설팅,,,,1.0,3700.0,소프트웨어,0.0,,1000.0,패션공통,F01900,공통_Process팀,2024-06-30,FFNR,5.0,2024-06-01,,,400000000,-46666667,353333333,0,0,0,0,0,0,0,-80000000,400000000,-126666667,273333333,-6666667,-6666666,-6666667,-6666667,-6666666,-6666667,-6666667,-6666666,-6666667,-6666667,-6666666,-6666667.0
3700160.0,0.0,"Global SCM 유통ERP, 해외인아웃바운드 구축",,,,1.0,3700.0,소프트웨어,0.0,,1000.0,패션공통,F01900,공통_Process팀,2024-06-30,FFNR,5.0,2024-06-01,,,4670000000,-544833333,4125166667,0,0,0,0,0,0,0,-934000000,4670000000,-1478833333,3191166667,-77833333,-77833334,-77833333,-77833333,-77833334,-77833333,-77833333,-77833334,-77833333,-77833333,-77833334,-77833333.0
3700161.0,0.0,Global SCM 유통 배분보충 시뮬레이션 자문 용역,,,,1.0,3700.0,소프트웨어,0.0,,1000.0,패션공통,F01900,공통_Process팀,2024-06-30,FFNR,5.0,2024-06-01,,,5620000000,-655666667,4964333333,0,0,0,0,0,0,0,-1124000000,5620000000,-1779666667,3840333333,-93666667,-93666666,-93666667,-93666667,-93666666,-93666667,-93666667,-93666666,-93666667,-93666667,-93666666,-93666667.0
3700162.0,0.0,유통 ERP 마감정산모듈 SAP 이관 구축,,,,1.0,3700.0,소프트웨어,0.0,,1000.0,패션공통,F01300,공통_IT팀,2024-06-30,FFNR,5.0,2024-06-01,,,1514500000,-176691667,1337808333,0,0,0,0,0,0,0,-302900000,1514500000,-479591667,1034908333,-25241667,-25241666,-25241667,-25241667,-25241666,-25241667,-25241667,-25241666,-25241667,-25241667,-25241666,-25241667.0
3700163.0,0.0,유통 차세대 EAI 용역 계약,,,,1.0,3700.0,소프트웨어,0.0,,1000.0,패션공통,F01300,공통_IT팀,2024-06-30,FFNR,5.0,2024-06-01,,,337500000,-39375000,298125000,0,0,0,0,0,0,0,-67500000,337500000,-106875000,230625000,-5625000,-5625000,-5625000,-5625000,-5625000,-5625000,-5625000,-5625000,-5625000,-5625000,-5625000,-5625000.0
3700164.0,0.0,데이토라마 마케팅데이터파이프라인 POC 및 구축 계약,,,,1.0,3700.0,소프트웨어,0.0,,1000.0,패션공통,F01900,공통_Process팀,2024-06-30,FFNR,5.0,2024-06-01,,,39632500,-4623792,35008708,0,0,0,0,0,0,0,-7926500,39632500,-12550292,27082208,-660542,-660541,-660542,-660542,-660541,-660542,-660542,-660541,-660542,-660542,-660541,-660542.0
3700165.0,0.0,F&F GSCM 3단계 프로젝트 구축 솔루션_GA4 구축컨설팅,,,,1.0,3700.0,소프트웨어,0.0,,1000.0,패션공통,F01900,공통_Process팀,2024-06-30,FFNR,5.0,2024-06-01,,,35000000,-4083333,30916667,0,0,0,0,0,0,0,-7000000,35000000,-11083333,23916667,-583333,-583334,-583333,-583333,-583334,-583333,-583333,-583334,-583333,-583333,-583334,-583333.0
3700166.0,0.0,신규 유통 ERP 구축에 따른 POS 인터페이스 수정개발,,,,1.0,3700.0,소프트웨어,0.0,,1000.0,패션공통,F01300,공통_IT팀,2024-06-30,FFNR,5.0,2024-06-01,,,60000000,-7000000,53000000,0,0,0,0,0,0,0,-12000000,60000000,-19000000,41000000,-1000000,-1000000,-1000000,-1000000,-1000000,-1000000,-1000000,-1000000,-1000000,-1000000,-1000000,-1000000.0
3700169.0,0.0,생성형 3D AI 컨텐츠 PoC,,,,1.0,3700.0,소프트웨어,0.0,,1000.0,패션공통,F02900,공통_AX팀,2024-06-30,FFNR,5.0,2024-06-01,,,9900000,-1155000,8745000,0,0,0,0,0,0,0,-1980000,9900000,-3135000,6765000,-165000,-165000,-165000,-165000,-165000,-165000,-165000,-165000,-165000,-165000,-165000,-165000.0
3700170.0,0.0,『옴니어스 Try_on』 PoC,,,,1.0,3700.0,소프트웨어,0.0,,1000.0,패션공통,F02900,공통_AX팀,2024-06-30,FFNR,5.0,2024-06-01,,,9950000,-1160833,8789167,0,0,0,0,0,0,0,-1990000,9950000,-3150833,6799167,-165833,-165834,-165833,-165833,-165834,-165833,-165833,-165834,-165833,-165833,-165834,-165833.0
3700171.0,0.0,GOMS시스템] PDA 소프트웨어,,3400007667.0,보기,1.0,3700.0,소프트웨어,0.0,,1000.0,패션공통,F03200,공통_PI팀,2024-07-31,FFNR,5.0,2024-07-01,,,9000000,-900000,8100000,0,0,0,0,0,0,0,-1800000,9000000,-2700000,6300000,-150000,-150000,-150000,-150000,-150000,-150000,-150000,-150000,-150000,-150000,-150000,-150000.0
3700172.0,0.0,개인정보 검색 솔루션,,,,1.0,3700.0,소프트웨어,0.0,,1000.0,패션공통,F02600,공통_정보보안팀,2024-07-31,FFNR,5.0,2024-07-01,,,114000000,-11400000,102600000,0,0,0,0,0,0,0,-22800000,114000000,-34200000,79800000,-1900000,-1900000,-1900000,-1900000,-1900000,-1900000,-1900000,-1900000,-1900000,-1900000,-1900000,-1900000.0
3700173.0,0.0,Global SCM 유통 배분보충 시뮬레이션 자문 용역,,3400010104.0,보기,1.0,3700.0,소프트웨어,0.0,,1000.0,패션공통,F01900,공통_Process팀,2024-06-30,FFNR,5.0,2024-06-01,,,197000000,-22983333,174016667,0,0,0,0,0,0,0,-39400000,197000000,-62383333,134616667,-3283333,-3283334,-3283333,-3283333,-3283334,-3283333,-3283333,-3283334,-3283333,-3283333,-3283334,-3283333.0
3700176.0,0.0,생성 AI 서비스 Varco Art ,,,,1.0,3700.0,소프트웨어,0.0,,1000.0,패션공통,F02900,공통_AX팀,2024-10-31,FFNR,5.0,2024-10-01,,,150000000,-7500000,142500000,0,0,0,0,0,0,0,-30000000,150000000,-37500000,112500000,-2500000,-2500000,-2500000,-2500000,-2500000,-2500000,-2500000,-2500000,-2500000,-2500000,-2500000,-2500000.0
3700177.0,0.0,리뉴얼 듀베티카 자사몰 통합테스트,,,,1.0,3700.0,소프트웨어,0.0,,1000.0,패션공통,F01300,공통_IT팀,2024-11-30,FFNR,5.0,2024-11-01,,,37770000,-1259000,36511000,0,0,0,0,0,0,0,-7554000,37770000,-8813000,28957000,-629500,-629500,-629500,-629500,-629500,-629500,-629500,-629500,-629500,-629500,-629500,-629500.0
3700178.0,0.0,글로벌 SCM 3단계 OMS 시스템 리뉴얼,,,,2.0,3700.0,소프트웨어,0.0,,1000.0,패션공통,F01900,공통_Process팀,2024-06-30,FFNR,5.0,2024-06-01,,,950000000,-110833333,839166667,0,0,0,0,0,0,0,-190000000,950000000,-300833333,649166667,-15833333,-15833334,-15833333,-15833333,-15833334,-15833333,-15833333,-15833334,-15833333,-15833333,-15833334,-15833333.0
3700179.0,0.0,"인플루언서시스템 고도화(출고일원화, MKTS 연동) 개발",,,,1.0,3700.0,소프트웨어,0.0,,1000.0,패션공통,F03200,공통_PI팀,2024-11-30,FFNR,5.0,2024-11-01,,,130000000,-4333333,125666667,0,0,0,0,0,0,0,-26000000,130000000,-30333333,99666667,-2166667,-2166666,-2166667,-2166667,-2166666,-2166667,-2166667,-2166666,-2166667,-2166667,-2166666,-2166667.0
3700180.0,0.0,DX & M 자사몰 GA4 구축계약,,,,1.0,3700.0,소프트웨어,0.0,,1000.0,패션공통,F01300,공통_IT팀,2024-12-31,FFNR,5.0,2024-12-01,,,36000000,-600000,35400000,0,0,0,0,0,0,0,-7200000,36000000,-7800000,28200000,-600000,-600000,-600000,-600000,-600000,-600000,-600000,-600000,-600000,-600000,-600000,-600000.0
3700181.0,0.0,SA 출장비 관리 솔루션 구축비용,,,,1.0,3700.0,소프트웨어,0.0,,1000.0,패션공통,F00700,공통_회계팀,2024-10-31,FFNR,5.0,2024-10-01,,,12000000,-600000,11400000,0,0,0,0,0,0,0,-2400000,12000000,-3000000,9000000,-200000,-200000,-200000,-200000,-200000,-200000,-200000,-200000,-200000,-200000,-200000,-200000.0
3700182.0,0.0,서버 및 DB 접근제어 솔루션 구축,,,,1.0,3700.0,소프트웨어,0.0,,1000.0,패션공통,F02600,공통_정보보안팀,2024-12-31,FFNR,5.0,2024-12-01,,,130000000,-2166667,127833333,0,0,0,0,0,0,0,-26000000,130000000,-28166667,101833333,-2166667,-2166666,-2166667,-2166667,-2166666,-2166667,-2166667,-2166666,-2166667,-2166667,-2166666,-2166667.0
3700183.0,0.0,자사몰 리뉴얼 디자인 구축,,,,1.0,3700.0,소프트웨어,0.0,,1000.0,패션공통,F01300,공통_IT팀,2024-12-31,FFNR,5.0,2024-12-01,,,99000000,-1650000,97350000,0,0,0,0,0,0,0,-19800000,99000000,-21450000,77550000,-1650000,-1650000,-1650000,-1650000,-1650000,-1650000,-1650000,-1650000,-1650000,-1650000,-1650000,-1650000.0
3700184.0,0.0,SNS 분석 데이터 기술 이전,,,,1.0,3700.0,소프트웨어,0.0,,1000.0,패션공통,F03200,공통_PI팀,2024-12-31,FFNR,5.0,2024-12-01,,,76008000,-1266800,74741200,0,0,0,0,0,0,0,-15201600,76008000,-16468400,59539600,-1266800,-1266800,-1266800,-1266800,-1266800,-1266800,-1266800,-1266800,-1266800,-1266800,-1266800,-1266800.0
3700189.0,0.0,HR시스템(인재포트폴리오) 개발비,,3400004904.0,보기,1.0,3700.0,소프트웨어,0.0,,1000.0,패션공통,F00500,공통_HR팀,2025-04-30,FFNR,5.0,2025-04-01,,,0,0,0,5000000,0,0,0,0,0,0,-750000,5000000,-750000,4250000,0,0,0,-83333,-83334,-83333,-83333,-83334,-83333,-83333,-83334,-83333.0
3700191.0,0.0,방문신청 사이트 개설 및 신사옥 출입보안 QR연동,,3400005463.0,보기,1.0,3700.0,소프트웨어,0.0,,1000.0,패션공통,F00300,공통_총무,2025-05-31,FFNR,5.0,2025-05-01,,,0,0,0,4600000,0,0,0,0,0,0,-613333,4600000,-613333,3986667,0,0,0,0,-76667,-76666,-76667,-76667,-76666,-76667,-76667,-76666.0
3700192.0,0.0,신사옥 직원식당 결제 앱 API(재직자 연동),,3400005047.0,보기,1.0,3700.0,소프트웨어,0.0,,1000.0,패션공통,F00300,공통_총무,2025-05-31,FFNR,5.0,2025-05-01,,,0,0,0,3922612,0,0,0,0,0,0,-523015,3922612,-523015,3399597,0,0,0,0,-65377,-65377,-65377,-65376,-65377,-65377,-65377,-65377.0
3700194.0,0.0,DB모니터링 솔루션(맥스게이지),,3400007541.0,보기,1.0,3700.0,소프트웨어,0.0,,1000.0,패션공통,F01300,공통_IT팀,2025-07-31,FFNR,5.0,2025-07-01,,,0,0,0,39000000,0,0,0,0,0,0,-3900000,39000000,-3900000,35100000,0,0,0,0,0,0,-650000,-650000,-650000,-650000,-650000,-650000.0
3700198.0,0.0,신규 POMS 시스템 구축에 따른 React용 컴포넌트 라이선스 구매 (영구 라이선스),,3300063170.0,보기,1.0,3700.0,소프트웨어,0.0,,1000.0,패션공통,F01300,공통_IT팀,2025-10-31,FFNR,5.0,2025-10-01,,,0,0,0,1457758,0,0,0,0,0,0,-72888,1457758,-72888,1384870,0,0,0,0,0,0,0,0,0,-24296,-24296,-24296.0
3700199.0,0.0,자사몰 리뉴얼 디자인 구축,,,,1.0,3700.0,소프트웨어,0.0,,1000.0,패션공통,F01300,공통_IT팀,2025-12-31,FFNR,5.0,2025-12-01,,,0,0,0,0,0,0,207600000,0,0,0,-3460000,207600000,-3460000,204140000,0,0,0,0,0,0,0,0,0,0,0,-3460000.0
3700200.0,0.0,홍마대 Cegid 데이터 HQ DW 구축비,,,,1.0,3700.0,소프트웨어,0.0,,1000.0,패션공통,F03200,공통_PI팀,2025-10-01,FFNR,5.0,2025-10-01,,,0,0,0,0,0,0,4965187,0,0,0,-248259,4965187,-248259,4716928,0,0,0,0,0,0,0,0,0,0,0,-248259.0
3700201.0,0.0,F&F GSCM 자사몰(3단계) 구축(플래티어),,,,3.0,3700.0,소프트웨어,0.0,,1000.0,패션공통,F01900,공통_Process팀,2025-12-31,0000,5.0,2025-12-01,2025-12-31,FS,0,0,0,0,-1755200000,0,1755200000,0,0,-1755200000,0,0,0,0,0,0,0,0,0,0,0,0,0,0,0,0.0
,,,,,,,,,,,,,,,,,,,,,37723018017,-10077611445,27645406572,53980370,-2782491724,582180599,1967765187,0,0,-2200311125,-7355296087,36962271850,-16850726933,20111544917,-628716965,-622133635,-622133632,-622216970,-622359010,-559129839,-612470814,-612470824,-612470805,-612495110,-612495116,
